players_on_line,ordering,x_disp_slope,y_disp_slope
5,1,0.11823,-0.0169345
5,2,0.10802,-0.01437
5,3,0.14559,0
5,4,0.10802,-0.01437
5,5,0.11823,-0.0169345
6,1,0.06588,0.023013
6,2,0.05196,0.0233535
6,3,0.0423,0.018882
6,4,0.0423,0.018882
6,5,0.05196,0.0233535
6,6,0.06588,0.023013
