players_on_line,ordering,disp_slope
5,1,0.028076
5,2,0.024957
5,3,0
5,4,-0.024957
5,5,-0.028076
6,1,0.028076
6,2,0.024957
6,3,0.007
6,4,-0.007
6,5,-0.024957
6,6,-0.028076
